layer,mean,std,max,energy,spike_score,anomaly_score,flagged
model.layers.0.self_attn.k_proj,3.88899880250295,32.19183228810628,130.36207529703776,1051.441005452474,4.049538717796536,141.2654270230346,True
model.layers.8.self_attn.k_proj,-3.757559009393056,24.97476749420166,217.4970962524414,637.8608459472656,8.70867316759862,92.60549782999726,True
model.layers.1.self_attn.k_proj,1.6134841740131378,18.440041319529215,148.11635564168293,342.640700785319,8.032321893579278,54.39791879101005,True
model.layers.21.mlp,-0.27425904010112084,17.149652242660522,1545.9787068684896,354.61653893788656,90.14635368969438,53.78702871344724,True
model.layers.21.mlp.down_proj,-0.27425904010112084,17.149652242660522,1545.9787068684896,354.61653893788656,90.14635368969438,53.78702871344724,True
model.layers.2.self_attn.k_proj,0.4074565182129542,11.97753766377767,62.5223108291626,143.63236185709636,5.219963181437421,26.800429999514634,True
model.layers.3.mlp,0.1640466581719617,9.450974718729656,848.379219563802,107.89993891716003,89.76631035909975,21.302678372208618,True
model.layers.3.mlp.down_proj,0.1640466581719617,9.450974718729656,848.379219563802,107.89993891716003,89.76631035909975,21.302678372208618,True
model.layers.2.mlp.down_proj,0.12338453754782677,7.860389995574951,705.0557749430338,74.87455423672994,89.69729054699044,16.368202862265676,True
model.layers.2.mlp,0.12338453754782677,7.860389995574951,705.0557749430338,74.87455423672994,89.69729054699044,16.368202862265676,True
model.layers.0.self_attn.q_proj,-0.1548623189330101,7.875730125109355,80.10171025594076,62.0543404897054,10.170701485803775,14.337733507870942,False
model.layers.3.post_attention_layernorm,0.05299981927043215,3.832162294785182,336.3326385498047,17.363364692529043,87.76573769898768,6.4991559602983955,False
model.layers.21.post_attention_layernorm,0.07579801045358181,3.185166730483373,256.7506072998047,11.491799696286519,80.60819053345139,5.216226615900121,False
model.layers.3.self_attn.k_proj,0.10028982708851496,3.377971331278483,24.464825693766276,11.431347370147705,7.242458876063948,4.693820484142408,False
model.layers.7.self_attn.q_proj,0.35134920428196587,2.7236836791038512,25.321060943603516,7.54708735148112,9.296619809872658,3.9227078166326557,False
model.layers.9.self_attn.q_proj,0.1265398142238458,2.8601980487505596,26.381326166788735,8.212685791651408,9.223597979417926,3.9002424219337253,False
model.layers.11.self_attn.q_proj,-0.40660063227017723,2.6163812478383384,30.448107210795083,7.019069321950277,11.637484253667974,3.8412636548402235,False
model.layers.8.self_attn.q_proj,0.20792210946480433,2.6768982211748757,24.244544219970702,7.229980079332988,9.056950679424498,3.698387845367224,False
model.layers.4.self_attn.k_proj,-0.005162219844836121,2.722832465171814,19.281810919443767,7.430693554878235,7.081524142434859,3.541879281928822,False
model.layers.3.mlp.gate_proj,-1.2057404001553853,1.573328013221423,31.011578845977784,4.50815329750379,19.710803389102292,3.42699177701821,False
model.layers.23.mlp,-0.015959601123662046,2.4300507724285128,55.088644949595135,6.361207381884257,22.669741268327538,3.3088285244238755,False
model.layers.23.mlp.down_proj,-0.015959601123662046,2.4300507724285128,55.088644949595135,6.361207381884257,22.669741268327538,3.3088285244238755,False
model.layers.21.mlp.gate_proj,-1.1363148510456085,1.5237317363421121,40.38448009490967,3.823436772823334,26.50365062829657,3.3074267709530196,False
model.layers.19.self_attn.q_proj,0.007882370048901067,2.3995505293210346,20.63915141423543,5.763617300987244,8.60125367679659,3.069807166236626,False
model.layers.10.self_attn.q_proj,-0.16268073519070944,2.2300962805747986,23.241607316335042,5.002742036183675,10.421790797549697,2.9972691273593726,False
model.layers.18.self_attn.q_proj,0.03711703772423789,2.2843793471654257,23.271571413675943,5.225431664784749,10.187257757909046,2.9459121289472288,False
model.layers.4.self_attn.q_proj,0.2176217923561732,2.122190062204997,19.601249504089356,4.55361119111379,9.236326480294984,2.8875362384754992,False
model.layers.12.self_attn.q_proj,0.21804868280887604,2.0832223494847617,25.365429814656576,4.39015527566274,12.17604911203119,2.862047050980224,False
model.layers.5.mlp.gate_proj,-1.3424603899319967,1.1305840780337653,7.30412011941274,3.089681794246038,6.46047808459984,2.846617428236364,False
model.layers.15.self_attn.q_proj,0.0863470001767079,2.176505613327026,20.945883878072102,4.750328707695007,9.623625193609703,2.834121736209332,False
model.layers.16.self_attn.q_proj,-0.22181324884295464,2.01691970427831,19.899203936258953,4.137195551395417,9.86613102540352,2.751113818514842,False
model.layers.6.self_attn.q_proj,-0.13465426427622637,2.0977316737174987,15.863468599319457,4.422224072615306,7.562197413461171,2.750230319389867,False
model.layers.23.mlp.gate_proj,-0.6643608376383782,1.662063338359197,16.420466725031535,3.2334697167078654,9.879561426149092,2.7485667619298524,False
model.layers.13.self_attn.q_proj,0.20762045991917452,2.013288088639577,17.84380497932434,4.103743966420492,8.863011814851578,2.7199130633493165,False
model.layers.14.self_attn.q_proj,0.08312418839583795,2.0766516009966534,21.29655793507894,4.324528964360555,10.25523379541577,2.6947810237827046,False
model.layers.5.self_attn.q_proj,-0.004550421439732114,2.105360766251882,18.88036756515503,4.435729845364889,8.967754553065353,2.6431617177587565,False
model.layers.7.self_attn.k_proj,0.24693637499585747,1.9366319954395295,10.860765671730041,3.8968762623611837,5.608066008017762,2.629336656751683,False
model.layers.16.self_attn.k_proj,0.047224963031476365,2.081002898514271,9.006459140777588,4.474265741060178,4.327939581087635,2.618933831462641,False
model.layers.17.self_attn.q_proj,0.02357143584934723,2.061745345592499,17.533021036783854,4.254120898246765,8.503966103427366,2.5957685323007964,False
model.layers.9.self_attn.k_proj,0.016059560112383527,2.075441142419974,10.685892943541209,4.448693157856663,5.148730829509616,2.5878573266131197,False
model.layers.21.self_attn.q_proj,-0.13092588384946188,1.9742923617362975,13.491741768519084,3.9194392522176105,6.833706697293323,2.5654992377804535,False
model.layers.23.self_attn.k_proj,-0.049404813384838535,2.042795807123184,9.344531067212422,4.181140279769897,4.574381081186471,2.556058459296877,False
model.layers.23.self_attn.q_proj,0.03347498411700751,1.952329444885254,17.814211289087932,3.8161362608273826,9.124588173973256,2.458663936824732,False
model.layers.13.self_attn.k_proj,0.2641563990774254,1.799085807800293,7.735538021723429,3.391960373024146,4.299702486941981,2.445435269049553,False
model.layers.19.self_attn.k_proj,0.27191547529461485,1.745076650256912,9.829859034220378,3.1968756685654323,5.632906382574562,2.393008756233815,False
model.layers.3.self_attn.q_proj,-0.09723185983796914,1.860342981417974,16.115578413009644,3.4719993193944294,8.662687424465544,2.3914016474400417,False
model.layers.11.self_attn.k_proj,-0.03095150309090968,1.897199217726787,10.642632516225179,3.7210383834627767,5.60965174723473,2.356351076636322,False
model.layers.19.mlp.gate_proj,-0.8219188466668129,1.1025946378707885,24.011308987935383,1.9048492024342218,21.777075986173305,2.332769164642756,False
model.layers.22.self_attn.v_proj,-0.011210943285065392,1.89012460509936,9.7051287651062,3.706778180599213,5.1346475276155115,2.3233598417205017,False
model.layers.20.post_attention_layernorm,0.06898252787068486,1.6296136955420175,57.945525868733725,2.668301796913147,35.55780763836373,2.3210044794876543,False
model.layers.20.mlp.gate_proj,-0.8411825696627299,1.1446425984303157,10.908772563934326,2.0296326021353406,9.530278751302026,2.2840912158195996,False
model.layers.23.post_attention_layernorm,0.029250427106550583,1.7981163362661998,23.111798572540284,3.2784371376037598,12.85333170778057,2.283743794210932,False
model.layers.22.self_attn.k_proj,-0.23799724814792475,1.6915567596753438,8.187741208076478,2.924412814776103,4.840355678808113,2.27039884608896,False
model.layers.20.self_attn.q_proj,0.10672052847221494,1.7556947032610575,12.267078304290772,3.097621508439382,6.987018468807381,2.2420475672652844,False
model.layers.12.self_attn.k_proj,0.08775425292551517,1.7497732510169348,9.10887389977773,3.117581780751546,5.205742337609455,2.201343105393699,False
model.layers.17.mlp.gate_proj,-0.8766299717128276,1.0435493677854537,8.571486608187358,1.8767320767045022,8.213773740866136,2.1899902845773926,False
model.layers.20.self_attn.k_proj,-0.11428519790060818,1.6990028145412603,11.296064201990763,2.9788558594261607,6.6486396942203205,2.177659995326688,False
model.layers.10.self_attn.k_proj,0.013853595066272343,1.7828415056069693,9.634207824865976,3.2564991396541396,5.403846831431702,2.1763834829529727,False
model.layers.14.self_attn.k_proj,-0.04687902072522168,1.7461460560560227,10.58463736375173,3.1216366699586313,6.061710167561132,2.1658058454527187,False
model.layers.23.self_attn.v_proj,-0.02572201909085076,1.7668102463086446,8.733421381314596,3.1981339395046233,4.943041538569057,2.161776074735648,False
model.layers.19.post_attention_layernorm,0.04714881678422292,1.5342746277650197,44.780456352233884,2.358319516976674,29.186709051401415,2.109122486760924,False
model.layers.5.post_attention_layernorm,0.021493029205157655,1.415463771422704,63.66109739939372,2.0235703607400257,44.975402203339215,2.0890678587352562,False
model.layers.17.self_attn.k_proj,-0.07972912676632404,1.6524789184331894,9.104500651359558,2.8089118683710694,5.509598361710838,2.068195215653729,False
model.layers.15.self_attn.k_proj,0.06449688189507773,1.656696124126514,9.74681517680486,2.8202751481284696,5.883281279880187,2.0620533336332403,False
model.layers.21.self_attn.v_proj,-0.04116695875612398,1.6740434795618058,10.067589370409648,2.852591367562612,6.013931823988881,2.06060889331408,False
model.layers.2.mlp.up_proj,-0.005031512165442109,0.6388104816277822,87.48230857849121,0.43706360707680386,136.94542301521238,2.057002584653029,False
model.layers.18.self_attn.k_proj,-0.06859244842392703,1.6316331654787064,8.8288743019104,2.7311063217309615,5.41106241135867,2.0274468701893165,False
model.layers.6.self_attn.k_proj,0.10332890565817555,1.6018693834543227,8.355118791262308,2.598104339838028,5.215851967526282,2.017167242771564,False
model.layers.5.self_attn.k_proj,-0.05713733878607551,1.624082457398375,9.281033945083617,2.7036152613038817,5.714628705073407,2.0087276093655726,False
model.layers.1.self_attn.q_proj,0.1748578449090322,1.4395993590354919,14.690537929534912,2.105151387055715,10.204594516340165,1.9270182878134972,False
model.layers.21.self_attn.k_proj,0.006600958803513398,1.5542717941105366,8.961125961939494,2.4794857569038866,5.765478232582509,1.8664761109302639,False
model.layers.17.post_attention_layernorm,0.04118017107248306,1.3634442885716755,33.92374560038249,1.8623676617940268,24.88089979460818,1.8396702237696432,False
model.layers.22.post_attention_layernorm,0.025615288740179192,1.3965893526872,22.029684034983315,1.9602473656336465,15.77390534926414,1.7759684314833855,False
model.layers.23.mlp.up_proj,0.012804212027306978,1.4070089757442474,18.13355425198873,2.007802506287893,12.888006883104625,1.74947350723139,False
model.layers.4.mlp.gate_proj,-0.73914728363355,0.7995490978161494,6.622597742080688,1.1894698609908423,8.282905299079214,1.7404724205395756,False
model.layers.18.post_attention_layernorm,0.03357871247765919,1.2628277579943339,34.38821709950765,1.5974832316239675,27.23110071877374,1.7284658008221272,False
model.layers.22.self_attn.q_proj,0.010133676406015486,1.4577113568782807,6.7120670239130655,2.1281063199043273,4.604520907188499,1.7267008743466141,False
model.layers.2.mlp.gate_proj,-0.595845044652621,0.7904751658439636,18.457337188720704,0.9961198101441066,23.349644159118263,1.719428633102178,False
model.layers.18.mlp.gate_proj,-0.6382974336544672,0.8856832534074783,6.656596644719442,1.2020168041189512,7.5157671812608475,1.719340039286449,False
model.layers.22.mlp.gate_proj,-0.32490879388836524,1.1036374161640803,11.942504437764486,1.3384698033332825,10.821030024736805,1.6706034906331417,False
model.layers.6.post_attention_layernorm,0.018897551766228086,1.1061370422442753,46.59002183278402,1.2329362630844116,42.119536670356425,1.6695235870225087,False
model.layers.4.post_attention_layernorm,0.01652471378814274,1.1004215319951376,43.82500012715658,1.2183724264303843,39.825611392833814,1.637039602354657,False
model.layers.16.mlp.gate_proj,-0.5209547849372029,0.9210228572289149,6.528329181671142,1.1311187853415807,7.088121692431432,1.62597073762459,False
model.layers.21.mlp.up_proj,-0.0015244244882827236,1.1513247340917587,38.669864654541016,1.3647906134525936,33.5872494720587,1.6252007146458878,False
model.layers.20.self_attn.v_proj,0.08166323195910082,1.288722003499667,7.480661757787069,1.7188079165915648,5.804708798921507,1.6003131151071393,False
model.layers.6.mlp.gate_proj,-0.6854181249936422,0.7239859521389007,5.647576181093852,0.9968639433383941,7.800660169922971,1.5870970731656122,False
model.layers.7.post_attention_layernorm,0.0102065976379284,1.0795579999685287,40.5905481338501,1.1692435592412949,37.59919386993522,1.582680892229939,False
model.layers.7.mlp.gate_proj,-0.640735675394535,0.7424095143874486,6.098267801602682,0.9657699684302012,8.214145251746963,1.5618636391424734,False
model.layers.2.self_attn.q_proj,-0.03961223374741773,1.287860397497813,7.80732630888621,1.661829419930776,6.062241110770982,1.554277984346018,False
model.layers.8.post_attention_layernorm,0.018650488206427934,1.0115815659364065,41.28294283548991,1.0289499113957088,40.81025536187936,1.541229598901199,False
model.layers.16.post_attention_layernorm,0.036208677710965274,1.1454296112060547,25.303051153818767,1.3151868641376496,22.09042687201847,1.5340612440509698,False
model.layers.8.mlp.gate_proj,-0.595570586125056,0.7401599784692129,6.2710791031519575,0.9050741354624431,8.472588106605789,1.510963859206571,False
model.layers.23.mlp.act_fn,0.10129151822378238,1.120654284954071,16.42046054204305,1.277362381418546,14.652552629255682,1.4962075676122648,False
model.layers.3.mlp.act_fn,-0.11162825704862674,0.2885884384314219,31.011578845977784,0.09974921780327956,107.45916071820186,1.484783224442395,False
model.layers.9.post_attention_layernorm,0.01598561864060078,0.975051619609197,38.5186980565389,0.954754446943601,39.50422498426523,1.48155493278681,False
model.layers.2.post_attention_layernorm,0.005445360423376163,0.9908520152171453,33.550449721018474,0.9942837248245875,33.86016816395911,1.4343274297625714,False
model.layers.15.post_attention_layernorm,0.02518365514309456,1.02113982240359,25.95575895309448,1.044256102045377,25.418393216323572,1.404933019914458,False
model.layers.21.mlp.act_fn,-0.0647398871059219,0.5229641770323118,40.38448009490967,0.28796557361880937,77.22212083810406,1.3887218298811552,False
model.layers.11.post_attention_layernorm,0.015185917320680649,0.9139272958040238,31.1400008837382,0.8366464277108511,34.07269588512187,1.3535048147470083,False
model.layers.15.mlp.gate_proj,-0.4346520300100868,0.7620235040783883,5.619485306739807,0.7795391316215198,7.374415490137229,1.3483736021519994,False
model.layers.10.post_attention_layernorm,0.018125319506119317,0.8910990724960963,29.5253085454305,0.7951431840658187,33.13354970640499,1.3200742074728473,False
model.layers.13.post_attention_layernorm,0.019050013044519195,0.9221366763114929,25.83640193939209,0.8514032552639643,28.017944178071627,1.3065064566631248,False
model.layers.9.mlp.gate_proj,-0.4854409928123156,0.6553165127833684,5.5496543924013775,0.6668272684017817,8.46864959984055,1.2921267284342677,False
model.layers.22.mlp,-0.0014553251943652868,0.9703110317389171,20.240945450464885,0.9758949016531309,20.860243703451406,1.2779582841331096,False
model.layers.22.mlp.down_proj,-0.0014553251943652868,0.9703110317389171,20.240945450464885,0.9758949016531309,20.860243703451406,1.2779582841331096,False
model.layers.12.post_attention_layernorm,0.012565106903881922,0.8776806821425756,26.87275857925415,0.7711384723583857,30.61788701531632,1.2735385064354592,False
model.layers.14.post_attention_layernorm,0.022943734315534432,0.9245120068391164,21.68538103103638,0.8563018679618836,23.456004264534986,1.2676459705961889,False
model.layers.20.mlp.up_proj,0.004983791813371378,0.9346472422281901,19.505107371012368,0.8759897043307622,20.868928533490234,1.23591928980954,False
model.layers.1.mlp.gate_proj,-0.4199126531680425,0.6260129113992056,7.579221026102702,0.5699896628657977,12.107112778312485,1.2239956586369527,False
model.layers.3.mlp.up_proj,-0.0015597429941256755,0.6892432828744253,32.416217994689944,0.5030632798870405,47.03153700383456,1.2114247238956004,False
model.layers.10.mlp.gate_proj,-0.4076292331020037,0.6519394069910049,5.796334918340047,0.5959647114078204,8.890896861405956,1.2080740798478504,False
model.layers.22.mlp.up_proj,-0.003478825210671251,0.9659373184045156,9.703571335474651,0.9401936362187068,10.045746349003405,1.1638929707270915,False
model.layers.14.mlp.gate_proj,-0.31849864789595206,0.6871040826042493,5.404871348539988,0.5811159444351991,7.8661495677700035,1.1423758206214214,False
model.layers.13.mlp.gate_proj,-0.3400522006675601,0.6484218140443166,5.957895743846893,0.541043599198262,9.188288281663851,1.1344612574483413,False
model.layers.12.mlp.gate_proj,-0.34651056056221324,0.6212317069371541,5.3914379199345905,0.5096738743285338,8.678612474407284,1.1054957796762936,False
model.layers.5.mlp.down_proj,0.007936403797551369,0.36897282575567564,26.209357484181723,0.15028799803306658,71.03310764795778,1.1022691058361116,False
model.layers.5.mlp,0.007936403797551369,0.36897282575567564,26.209357484181723,0.15028799803306658,71.03310764795778,1.1022691058361116,False
model.layers.11.mlp.gate_proj,-0.33975277841091156,0.6135426446795463,5.726566286881765,0.49491397142410276,9.333592380168405,1.0961227440345522,False
model.layers.19.mlp.act_fn,-0.0723469461624821,0.3980047136545181,24.011308987935383,0.16428340276082357,60.3290560013869,1.0900705601069516,False
model.layers.2.mlp.act_fn,-0.10294959905246893,0.31928629452983537,17.697745052973428,0.11820567759374777,55.42890480197197,0.9883455093613988,False
model.layers.1.post_attention_layernorm,-0.00231125241649958,0.7806305229663849,10.342792534828186,0.6106732785701752,13.249263231807205,0.976501735557974,False
model.layers.19.mlp.up_proj,-0.004265188513090834,0.8058317055304846,6.493960563341776,0.6514231964945794,8.058695705415385,0.9558261707471872,False
model.layers.0.mlp.gate_proj,-0.16480805339912574,0.6283281455437343,5.472833061218262,0.4259241277972857,8.71013719486506,0.9228299836712393,False
model.layers.22.mlp.act_fn,0.07432157024741173,0.6268403391043346,10.35374312400818,0.4036291922132174,16.517326599426543,0.9066980945673334,False
model.layers.23.self_attn,0.004945595707370861,0.5867761969566345,16.383004188537598,0.35050994778672856,27.920315025037304,0.9059759376930514,False
model.layers.23.self_attn.o_proj,0.004945595707370861,0.5867761969566345,16.383004188537598,0.35050994778672856,27.920315025037304,0.9059759376930514,False
model.layers.16.self_attn.v_proj,0.007163879545987584,0.7824469208096464,3.6376167816420395,0.6316777347490036,4.649020957047181,0.8992687834010061,False
model.layers.11.self_attn.v_proj,0.06629882551108797,0.7001789073149364,4.777373266220093,0.5009698079278072,6.823065352646947,0.8848053671452746,False
model.layers.0.post_attention_layernorm,-0.000449066025942102,0.6583010782798131,10.70741400718689,0.43371352006991704,16.26519854709569,0.8647734817837038,False
model.layers.17.self_attn.v_proj,-0.02521438303908023,0.7050221030910809,4.281083802382152,0.5024706598371267,6.072260304112452,0.8412061551549983,False
model.layers.20.mlp,-0.0012055440736124486,0.5890646889805794,11.370237644513448,0.3536308236420155,19.302155697084416,0.8186548723892375,False
model.layers.20.mlp.down_proj,-0.0012055440736124486,0.5890646889805794,11.370237644513448,0.3536308236420155,19.302155697084416,0.8186548723892375,False
model.layers.19.self_attn.v_proj,0.018806222625426017,0.6901463175813357,3.158950157960256,0.48557496120532356,4.577211382971093,0.803282150157005,False
model.layers.17.mlp.up_proj,-0.005753331549446254,0.6567708080013593,5.157488560676574,0.43328883945941926,7.8527861547094595,0.7843808850438421,False
model.layers.18.self_attn.v_proj,-0.007333602484141011,0.6632862471044063,3.879276128609975,0.44945431084682547,5.848561306651126,0.7740508937397411,False
model.layers.9.self_attn.v_proj,-0.007365849141691191,0.6615684315562248,3.7153466284275054,0.44435411219795545,5.6159587357109455,0.769529279274821,False
model.layers.18.mlp.up_proj,-0.005671449154275857,0.6374689598878225,4.407865452766418,0.407889466236035,6.914624578610863,0.7530756014518105,False
model.layers.5.mlp.up_proj,0.00034313316952345,0.5560056626796722,7.606443309783936,0.3102213370303313,13.680489498317714,0.724175824535406,False
model.layers.16.mlp.up_proj,0.0022831765916028718,0.6072963133454323,4.516689391930898,0.36993088126182555,7.4373610629852935,0.7209461886930706,False
model.layers.15.self_attn.v_proj,-0.0056066356094864505,0.626047732681036,3.091797842582067,0.39698134213685987,4.93858973141201,0.7207383998183285,False
model.layers.5.mlp.act_fn,-0.1602909507850806,0.20565103888511657,6.939737502733866,0.0683416481440266,33.74504595410607,0.7102266140256606,False
model.layers.14.self_attn.v_proj,-0.009293028834508731,0.6161153942346573,2.7376796066761018,0.3898779649287462,4.443445479286199,0.7088306743549028,False
model.layers.10.self_attn.v_proj,-0.021590810269117355,0.5927587186296781,2.9801804184913636,0.3571144439280033,5.027636536066998,0.7003373386522658,False
model.layers.20.mlp.act_fn,-0.061475250280151765,0.4314656309783459,7.837291884422302,0.19126806706190108,18.16430593172716,0.6937107472819595,False
model.layers.13.self_attn.v_proj,-0.009588977001840249,0.587399588773648,3.040117081006368,0.35195287202174463,5.175543128673748,0.6839392842644001,False
model.layers.15.mlp.up_proj,-0.00438394361359921,0.559194848438104,4.323127496242523,0.31383488004406296,7.7309720884328765,0.6722720009404382,False
model.layers.7.mlp.up_proj,0.0040626762645236646,0.5024130955338478,6.36401682694753,0.2533211521804333,12.666875558468051,0.6584766426010953,False
model.layers.19.mlp.down_proj,0.01386728032763737,0.425362274547418,7.7805579940478005,0.18266478963196278,18.291560319414582,0.6404116370323975,False
model.layers.19.mlp,0.01386728032763737,0.425362274547418,7.7805579940478005,0.18266478963196278,18.291560319414582,0.6404116370323975,False
model.layers.6.mlp.up_proj,0.0007761734046046816,0.4905140260855357,6.031803433100382,0.2415853629509608,12.296878000325643,0.6384175157884928,False
model.layers.9.mlp.up_proj,-0.002849680423484339,0.47165179600318274,6.538180788358052,0.22309428627292316,13.862275054368453,0.6354336555976439,False
model.layers.12.self_attn.v_proj,0.018223612456737707,0.5363571964204311,2.490257219473521,0.2948876661558946,4.642899532612906,0.6304985708188874,False
model.layers.7.self_attn.v_proj,-0.019693980896818175,0.5156372748315334,3.0070134977499645,0.27041134730291866,5.831633617059167,0.6206887266292351,False
model.layers.4.mlp.up_proj,-0.0019753040263215857,0.5052614589532216,4.131517163912455,0.2562264387806257,8.176972364960445,0.6146291305072102,False
model.layers.17.mlp.act_fn,-0.1032794926315546,0.3003735971947511,5.981729785601298,0.10167399483422439,19.91423323232284,0.6129628216329566,False
model.layers.13.mlp.up_proj,-0.0028592265025508823,0.49812958886226016,4.119332905610403,0.24894950687885284,8.269584317275191,0.6085796092254482,False
model.layers.5.self_attn.v_proj,-0.0068839055912879605,0.5182682005067666,2.4284813185532887,0.2735274628425638,4.685752724990614,0.599362379632217,False
model.layers.14.mlp.up_proj,0.0011767539888145014,0.4979037170608838,3.5615025719006854,0.24869455993175507,7.152980178464919,0.595479728827523,False
model.layers.21.self_attn.o_proj,0.009036021410429385,0.3181912692884604,7.737441867589951,0.10340744536370039,24.31687572074699,0.5807367924427297,False
model.layers.21.self_attn,0.009036021410429385,0.3181912692884604,7.737441867589951,0.10340744536370039,24.31687572074699,0.5807367924427297,False
model.layers.11.mlp.up_proj,0.002514992348733358,0.4606621061762174,4.292424766222636,0.21301693990826606,9.31792606934026,0.57765805320918,False
model.layers.18.mlp.act_fn,-0.0859026330523193,0.2905703939497471,5.551455354690551,0.09281590251872937,19.105305856951112,0.5768076758234505,False
model.layers.12.mlp.up_proj,-0.0016224654853431275,0.46983411560455957,3.828338082631429,0.22128302777806919,8.148258730523624,0.5750674711729459,False
model.layers.8.mlp.up_proj,-0.001541591178223219,0.47672339528799057,3.3677752296129864,0.22786922007799149,7.064407156211303,0.571695980036126,False
model.layers.16.mlp.act_fn,-0.038572896500894176,0.3760615492860476,5.1703173836072285,0.1438197917615374,13.748556971235354,0.566501994675449,False
model.layers.4.self_attn.v_proj,-0.01257104796435063,0.4787153070171674,2.212163472175598,0.2324136918100218,4.621032205815932,0.5607380462206796,False
model.layers.10.mlp.up_proj,-0.002357377577815593,0.45888051788012185,3.572486742337545,0.21116644963622094,7.785205119703297,0.5602065916185925,False
model.layers.8.self_attn.v_proj,0.0022578831849386916,0.48242306187748907,2.4456723759571712,0.2361149790386359,5.0695489077372065,0.5589879320436635,False
model.layers.3.self_attn.v_proj,0.03531462357689937,0.43644215116898216,2.4938594381014507,0.19454464506513128,5.714053322687787,0.5483517724792725,False
model.layers.6.mlp.act_fn,-0.13573091675837834,0.22970077147086462,3.8839494506518046,0.07158995401114225,16.908661286247174,0.5416772964928289,False
model.layers.6.self_attn.v_proj,-0.0016959959548936846,0.46087081034978233,2.6101283808549245,0.21521515175700187,5.6634585197865475,0.5407229066782416,False
model.layers.4.mlp.act_fn,-0.13474925880630811,0.21750220308701199,3.943785337607066,0.06568319505701463,18.13207935162848,0.5401405749153064,False
model.layers.7.mlp.act_fn,-0.1223985596249501,0.2330464278658231,3.9351456662019095,0.06958357021212577,16.88560007822771,0.5312593452942629,False
model.layers.1.mlp.up_proj,0.0014806538201279787,0.3822578718264898,4.3257532556851706,0.1468120546390613,11.316292634402645,0.5115826574545503,False
model.layers.16.mlp,0.0036130568038061027,0.3123814279834429,5.731977693239847,0.09862326035896937,18.349232158294313,0.509349132406089,False
model.layers.16.mlp.down_proj,0.0036130568038061027,0.3123814279834429,5.731977693239847,0.09862326035896937,18.349232158294313,0.509349132406089,False
model.layers.9.mlp.act_fn,-0.10053630471229554,0.22335835422078767,3.8503477732340494,0.060172136935094996,17.238354698268125,0.5022954196092739,False
model.layers.15.mlp.act_fn,-0.05447391585136453,0.3063639578719934,4.001239848136902,0.0975561545540889,13.060370467724042,0.5011971938560071,False
model.layers.1.mlp.act_fn,-0.08868116817126671,0.21365200156966846,4.099806722005209,0.05400124347458283,19.18909021583923,0.4996241962467858,False
model.layers.18.mlp.down_proj,0.004109887421706541,0.2979851081967354,5.483658405145009,0.09182908479124308,18.40239613292512,0.4953018654268174,False
model.layers.18.mlp,0.004109887421706541,0.2979851081967354,5.483658405145009,0.09182908479124308,18.40239613292512,0.4953018654268174,False
model.layers.17.mlp.down_proj,-0.0008549507691592832,0.28389754990736643,5.679796042044957,0.08157596592791379,20.00642850728975,0.4929743823422146,False
model.layers.17.mlp,-0.0008549507691592832,0.28389754990736643,5.679796042044957,0.08157596592791379,20.00642850728975,0.4929743823422146,False
model.layers.8.mlp.act_fn,-0.11435274643202623,0.22220694323380788,3.278005617856979,0.06269162365545829,14.751973174999652,0.49034858378137647,False
model.layers.14.mlp.act_fn,-0.035798793596525984,0.28603535071015357,4.058027780055999,0.08377978708595038,14.187105135347226,0.4720831743687468,False
model.layers.10.mlp.act_fn,-0.07765799512465794,0.22967824563384057,3.5794630885124206,0.059080769307911396,15.584617054249973,0.46909048823178945,False
model.layers.11.mlp.act_fn,-0.06210517367968957,0.25325944647192955,3.648260569572449,0.0682996462409695,14.40517309510788,0.4662463157267949,False
model.layers.13.mlp.act_fn,-0.05488168072576324,0.24812016611297924,3.5515494108200074,0.06499019140998523,14.31377043102743,0.4526385702900153,False
model.layers.12.mlp.act_fn,-0.06319783381186425,0.23978516707817712,3.4090086738268535,0.061845196535189946,14.216869619152883,0.4513362167350892,False
model.layers.1.self_attn.v_proj,-0.02348625792268043,0.30298647582530974,2.7877956509590147,0.09255567714571952,9.201026027116528,0.42773856173372743,False
model.layers.0.mlp.up_proj,0.00033671543775805427,0.31517616560061773,3.0263318260510763,0.09973385967314244,9.60200216371622,0.4215062886428522,False
model.layers.10.self_attn,0.0015785590180409296,0.12932259912292163,3.6379526297251386,0.01682504921530684,28.130616951568733,0.41388983257818057,False
model.layers.10.self_attn.o_proj,0.0015785590180409296,0.12932259912292163,3.6379526297251386,0.01682504921530684,28.130616951568733,0.41388983257818057,False
model.layers.4.mlp,0.004678223946151168,0.20933222621679307,4.083178949356079,0.04422830203548074,19.505641904775267,0.41348969941424496,False
model.layers.4.mlp.down_proj,0.004678223946151168,0.20933222621679307,4.083178949356079,0.04422830203548074,19.505641904775267,0.41348969941424496,False
model.layers.2.self_attn.v_proj,0.005490950930834515,0.32163846989472705,1.8823924581209819,0.10424622943003972,5.852492104706836,0.39607896481563387,False
model.layers.0.mlp.act_fn,0.008171122734302117,0.253050771355629,3.2296519140402475,0.06530384204039971,12.762810932872004,0.39538038762269107,False
model.layers.9.mlp.down_proj,0.0008402604116781731,0.1789314458767573,3.706772824128469,0.032273852700988453,20.716046248434846,0.39015955404288283,False
model.layers.9.mlp,0.0008402604116781731,0.1789314458767573,3.706772824128469,0.032273852700988453,20.716046248434846,0.39015955404288283,False
model.layers.10.mlp,-0.0005275689855504122,0.16289992903669676,3.435045381387075,0.02666295422241092,21.086714493895002,0.3769609383834383,False
model.layers.10.mlp.down_proj,-0.0005275689855504122,0.16289992903669676,3.435045381387075,0.02666295422241092,21.086714493895002,0.3769609383834383,False
model.layers.0.mlp,0.0006372288581284617,0.1980937600135803,3.4213664571444196,0.03954084369664391,17.271362740285856,0.37539870064423175,False
model.layers.0.mlp.down_proj,0.0006372288581284617,0.1980937600135803,3.4213664571444196,0.03954084369664391,17.271362740285856,0.37539870064423175,False
model.layers.13.mlp,0.00020956868484063308,0.17927196087936562,3.4333633263905843,0.03257692363113165,19.15159603293954,0.37425518225671484,False
model.layers.13.mlp.down_proj,0.00020956868484063308,0.17927196087936562,3.4333633263905843,0.03257692363113165,19.15159603293954,0.37425518225671484,False
model.layers.15.mlp,0.006531277302322754,0.22807102650403976,2.945047362645467,0.05253410637378693,12.912795171718713,0.36898366616092837,False
model.layers.15.mlp.down_proj,0.006531277302322754,0.22807102650403976,2.945047362645467,0.05253410637378693,12.912795171718713,0.36898366616092837,False
model.layers.20.self_attn,0.011146963046242794,0.2306113434334596,2.773862036069234,0.05400955608735482,12.028246167445927,0.3674417237628972,False
model.layers.20.self_attn.o_proj,0.011146963046242794,0.2306113434334596,2.773862036069234,0.05400955608735482,12.028246167445927,0.3674417237628972,False
model.layers.5.self_attn,-0.0018401177050691331,0.1014283881833156,2.5496753811836244,0.010332234141727289,25.137442183675002,0.35567615113930745,False
model.layers.5.self_attn.o_proj,-0.0018401177050691331,0.1014283881833156,2.5496753811836244,0.010332234141727289,25.137442183675002,0.35567615113930745,False
model.layers.12.mlp,0.004676800723003301,0.16130640283226966,2.9888888001441956,0.026204050208131473,18.529148369291494,0.35389509226900107,False
model.layers.12.mlp.down_proj,0.004676800723003301,0.16130640283226966,2.9888888001441956,0.026204050208131473,18.529148369291494,0.35389509226900107,False
model.layers.14.mlp,0.00026359779079333144,0.1890727411955595,2.952618851264318,0.03620084974293907,15.616229057478774,0.3491187145354345,False
model.layers.14.mlp.down_proj,0.00026359779079333144,0.1890727411955595,2.952618851264318,0.03620084974293907,15.616229057478774,0.3491187145354345,False
model.layers.0.self_attn,0.00018185118313643518,0.012331530715649327,0.40736711819966637,0.0001529363415708455,33.03191596212602,0.3428478351542031,False
model.layers.0.self_attn.o_proj,0.00018185118313643518,0.012331530715649327,0.40736711819966637,0.0001529363415708455,33.03191596212602,0.3428478351542031,False
model.layers.22.self_attn,-0.0031687203856563427,0.21542551095287005,2.4374271670977277,0.048310486848155657,11.314425305950278,0.33656953308284476,False
model.layers.22.self_attn.o_proj,-0.0031687203856563427,0.21542551095287005,2.4374271670977277,0.048310486848155657,11.314425305950278,0.33656953308284476,False
model.layers.13.self_attn,-0.0020252556598279623,0.09337935820221901,2.1089916825294495,0.008845548176517089,22.584960297135947,0.32213877165105814,False
model.layers.13.self_attn.o_proj,-0.0020252556598279623,0.09337935820221901,2.1089916825294495,0.008845548176517089,22.584960297135947,0.32213877165105814,False
model.layers.11.self_attn,0.00044838089552285966,0.08869731252392134,1.9919704139232635,0.008081305182228486,22.457816357961065,0.31453198751727773,False
model.layers.11.self_attn.o_proj,0.00044838089552285966,0.08869731252392134,1.9919704139232635,0.008081305182228486,22.457816357961065,0.31453198751727773,False
model.layers.14.self_attn,0.00251270522512641,0.11172086944182714,2.0651978492736816,0.012739312268483143,18.485170894396973,0.3003592148377716,False
model.layers.14.self_attn.o_proj,0.00251270522512641,0.11172086944182714,2.0651978492736816,0.012739312268483143,18.485170894396973,0.3003592148377716,False
model.layers.6.self_attn,0.0006104669645537797,0.08786052241921424,1.8451120972633361,0.0077903666843970616,21.000229070237832,0.2992523167545861,False
model.layers.6.self_attn.o_proj,0.0006104669645537797,0.08786052241921424,1.8451120972633361,0.0077903666843970616,21.000229070237832,0.2992523167545861,False
model.layers.4.self_attn.o_proj,0.000859038059024897,0.09959108717739582,1.969237204392751,0.009955991695945462,19.773028763671743,0.2991760120427327,False
model.layers.4.self_attn,0.000859038059024897,0.09959108717739582,1.969237204392751,0.009955991695945462,19.773028763671743,0.2991760120427327,False
model.layers.1.mlp.down_proj,0.0002762472799683261,0.1375120819856723,2.173783814907074,0.019272678236787518,15.807832851376016,0.29779392560307955,False
model.layers.1.mlp,0.0002762472799683261,0.1375120819856723,2.173783814907074,0.019272678236787518,15.807832851376016,0.29779392560307955,False
model.layers.19.self_attn.o_proj,0.0007986451866599964,0.1285522509366274,2.133371482292811,0.01706199219916016,16.59523556774534,0.29700945102065684,False
model.layers.19.self_attn,0.0007986451866599964,0.1285522509366274,2.133371482292811,0.01706199219916016,16.59523556774534,0.29700945102065684,False
model.layers.9.self_attn.o_proj,-0.00014962258561960576,0.08782087489962578,1.8202910542488098,0.00784663560334593,20.727080312613165,0.2960259641717117,False
model.layers.9.self_attn,-0.00014962258561960576,0.08782087489962578,1.8202910542488098,0.00784663560334593,20.727080312613165,0.2960259641717117,False
model.layers.2.self_attn.o_proj,0.0006558085430697247,0.10154068768024445,1.9047491153081257,0.010674097777033846,18.75829680225717,0.2908468740235893,False
model.layers.2.self_attn,0.0006558085430697247,0.10154068768024445,1.9047491153081257,0.010674097777033846,18.75829680225717,0.2908468740235893,False
model.layers.18.self_attn.o_proj,8.46370835157965e-05,0.09879245106130838,1.8783511102199555,0.010573937965091318,19.012911180259355,0.2900635937439269,False
model.layers.18.self_attn,8.46370835157965e-05,0.09879245106130838,1.8783511102199555,0.010573937965091318,19.012911180259355,0.2900635937439269,False
model.layers.17.self_attn.o_proj,0.0026996596855800212,0.1650008164346218,1.8677897016207377,0.027681617718189954,11.319812969215443,0.28366676758417525,False
model.layers.17.self_attn,0.0026996596855800212,0.1650008164346218,1.8677897016207377,0.027681617718189954,11.319812969215443,0.28366676758417525,False
model.layers.6.mlp.down_proj,-0.0007045119628931692,0.19242282857497534,1.6603534499804178,0.03723311387002468,8.628627037911178,0.28313692230398274,False
model.layers.6.mlp,-0.0007045119628931692,0.19242282857497534,1.6603534499804178,0.03723311387002468,8.628627037911178,0.28313692230398274,False
model.layers.11.mlp.down_proj,9.894252426079219e-06,0.16374924033880234,1.9032694935798644,0.02706549974779288,11.623002748832391,0.28269571205433164,False
model.layers.11.mlp,9.894252426079219e-06,0.16374924033880234,1.9032694935798644,0.02706549974779288,11.623002748832391,0.28269571205433164,False
model.layers.7.mlp,0.003066359253534756,0.19018502049148084,1.627772537867228,0.036490534571930765,8.558844302334736,0.282488876225556,False
model.layers.7.mlp.down_proj,0.003066359253534756,0.19018502049148084,1.627772537867228,0.036490534571930765,8.558844302334736,0.282488876225556,False
model.layers.8.mlp.down_proj,-0.0005325740142628396,0.16940573478738466,1.784018424153328,0.02891794339132806,10.530976979117005,0.27813987293195036,False
model.layers.8.mlp,-0.0005325740142628396,0.16940573478738466,1.784018424153328,0.02891794339132806,10.530976979117005,0.27813987293195036,False
model.layers.15.self_attn.o_proj,0.001323249426544256,0.11538340325156847,1.771735519170761,0.013619182359737655,15.355069396232954,0.271619264876416,False
model.layers.15.self_attn,0.001323249426544256,0.11538340325156847,1.771735519170761,0.013619182359737655,15.355069396232954,0.271619264876416,False
model.layers.8.self_attn,0.0010193426947807892,0.13075949363410472,1.6502857148647307,0.017564509832300245,12.620675167245668,0.2597420389845722,False
model.layers.8.self_attn.o_proj,0.0010193426947807892,0.13075949363410472,1.6502857148647307,0.017564509832300245,12.620675167245668,0.2597420389845722,False
model.layers.12.self_attn.o_proj,-0.0004129267158229292,0.09483207340041797,1.3148840328057607,0.009139171172864734,13.865247488646355,0.2348113921199909,False
model.layers.12.self_attn,-0.0004129267158229292,0.09483207340041797,1.3148840328057607,0.009139171172864734,13.865247488646355,0.2348113921199909,False
model.layers.16.self_attn,0.0009343733480818628,0.09864296441276868,1.321991539001465,0.011474038038674432,13.401646485634792,0.23474120642106594,False
model.layers.16.self_attn.o_proj,0.0009343733480818628,0.09864296441276868,1.321991539001465,0.011474038038674432,13.401646485634792,0.23474120642106594,False
model.layers.1.self_attn,0.0011241314445821142,0.10331547769407431,1.2686853587627411,0.010751524132986863,12.279603283799387,0.228310794389949,False
model.layers.1.self_attn.o_proj,0.0011241314445821142,0.10331547769407431,1.2686853587627411,0.010751524132986863,12.279603283799387,0.228310794389949,False
model.layers.7.self_attn,-0.0009568735151712341,0.08198019005358219,0.9906727204720179,0.0069260433626671634,12.084146617346283,0.204471134078483,False
model.layers.7.self_attn.o_proj,-0.0009568735151712341,0.08198019005358219,0.9906727204720179,0.0069260433626671634,12.084146617346283,0.204471134078483,False
model.layers.3.self_attn,0.0004265036851544816,0.06596193717171749,0.733933845659097,0.004519108142509746,11.126457934225845,0.1781049310133814,False
model.layers.3.self_attn.o_proj,0.0004265036851544816,0.06596193717171749,0.733933845659097,0.004519108142509746,11.126457934225845,0.1781049310133814,False
model.layers.0.self_attn.v_proj,0.0008556213104990699,0.028184711157033842,0.24269259745875996,0.0007989251636900008,8.610483379561462,0.11522505877951653,False
